Period,Value
2022-01,1253581
2022-02,1137462
2022-03,1411223
2022-04,1462053
2022-05,1461029
2022-06,1545111
2022-07,1253581
2022-08,1137462
2022-09,1411223
2022-10,1462053
2022-11,1461029
2022-12,1545111
2023-01,1380410
2023-02,1253573
2023-03,1288354
2023-04,1194559
2023-05,1517634
2023-06,1447697
2023-07,1380410
2023-08,1253573
2023-09,1288354
2023-10,1194559
2023-11,1517634
2023-12,1447697
2024-01,1402355
2024-02,1259382
2024-03,1392471
2024-04,1501905
2024-05,1704495
2024-06,1615283
2024-07,1402355
2024-08,1259382
2024-09,1392471
2024-10,1501905
2024-11,1704495
2024-12,1615283
2025-01,1239895
2025-02,1188442
2025-03,1387616
2025-04,1686379
2025-05,1771621
2025-06,1692310
2025-07,1239895
2025-08,1188442
2025-09,1387616
2025-10,1686379
2025-11,1771621
2025-12,1692310
