Datetime,FFB_Price
2025-05-02,43.37
2025-05-05,42.48833333333333
2025-05-06,41.70666666666667
2025-05-07,41.60833333333333
2025-05-08,40.70666666666667
2025-05-09,41.196666666666665
2025-05-13,41.56666666666666
2025-05-14,42.31166666666667
2025-05-15,42.19
2025-05-16,41.53166666666667
2025-05-19,42.02
2025-05-20,42.11833333333333
2025-05-21,41.92333333333333
2025-05-22,41.705000000000005
2025-05-23,41.754999999999995
2025-05-26,41.19166666666667
2025-05-27,40.68
2025-05-28,41.17
2025-05-29,41.75833333333333
2025-05-30,41.26833333333334
2025-06-03,41.86833333333333
2025-06-04,41.60166666666667
2025-06-05,41.30833333333334
2025-06-06,41.43666666666667
2025-06-09,41.288333333333334
2025-06-10,41.339999999999996
2025-06-11,40.9
2025-06-12,40.9
2025-06-13,40.998333333333335
2025-06-16,41.233333333333334
2025-06-17,41.18333333333333
2025-06-18,41.74166666666667
2025-06-19,42.156666666666666
2025-06-20,42.05666666666667
2025-06-23,42.160000000000004
2025-06-24,41.66166666666667
2025-06-25,41.75666666666667
2025-06-26,41.538333333333334
2025-06-30,41.14666666666667
2025-07-01,40.876666666666665
2025-07-02,41.14833333333333
2025-07-03,41.64333333333334
2025-07-04,41.568333333333335
2025-07-07,41.49666666666667
2025-07-08,41.934999999999995
2025-07-09,42.37833333333334
2025-07-10,42.32666666666667
2025-07-11,43.055
2025-07-14,43.105
2025-07-15,43.05500000000001
2025-07-16,43.27
2025-07-17,43.31999999999999
2025-07-18,43.956666666666656
2025-07-21,43.905
2025-07-22,44.050000000000004
2025-07-23,44.268333333333324
2025-07-24,44.221666666666664
2025-07-25,43.975
2025-07-28,43.82833333333334
2025-07-29,43.77833333333333
2025-07-30,43.900000000000006
2025-07-31,43.655
2025-08-01,43.705000000000005
2025-08-04,43.50833333333333
2025-08-05,43.84833333333333
2025-08-06,43.653333333333336
2025-08-07,43.603333333333325
2025-08-08,43.848333333333336
2025-08-11,43.89666666666667
2025-08-12,44.946666666666665
2025-08-13,45.288333333333334
2025-08-14,45.11000000000001
2025-08-15,45.05833333333334
2025-08-18,45.660000000000004
2025-08-19,46.60833333333333
2025-08-20,46.43833333333333
2025-08-21,46.62833333333333
2025-08-22,46.72833333333333
2025-08-25,46.678333333333335
2025-08-26,46.58166666666667
